{
  "test/integration/FirstJourney.js.map": 1759832557005,
  "test/integration/pages/JourneyRunner.js": 1759495519469,
  "test/integration/pages/RisksList.js": 1759495519469,
  "test/integration/pages/RisksObjectPage.js": 1759495519469,
  "test/integration/opaTests.qunit.js": 1759495519469,
  "test/integration/FirstJourney.js": 1759495519469,
  "test/testsuite.qunit.js": 1759495519469,
  "xs-app.json": 1759832544563,
  "manifest.json": 1759495519469,
  "Component.js": 1759495519469,
  "test/integration/pages/JourneyRunner-dbg.js": 1759495519469,
  "test/integration/pages/JourneyRunner.js.map": 1759832557001,
  "test/integration/pages/RisksList-dbg.js": 1759495519469,
  "test/integration/pages/RisksList.js.map": 1759832557001,
  "test/integration/pages/RisksObjectPage-dbg.js": 1759495519469,
  "test/integration/pages/RisksObjectPage.js.map": 1759832557001,
  "test/integration/opaTests.qunit-dbg.js": 1759495519469,
  "test/integration/opaTests.qunit.js.map": 1759832557001,
  "test/integration/FirstJourney-dbg.js": 1759495519469,
  "i18n/i18n.properties": 1759495519469,
  "test/testsuite.qunit-dbg.js": 1759495519469,
  "test/testsuite.qunit.js.map": 1759832557004,
  "Component-dbg.js": 1759495519469,
  "Component.js.map": 1759832557002,
  "Component-preload.js": 1759832557187,
  "Component-preload.js.map": 1759832557187,
  "test/integration/opaTests.qunit.html": 1759495519469,
  "test/testsuite.qunit.html": 1759495519469,
  "test/flpSandbox.html": 1759495519469,
  "index.html": 1759495519469
}