{
  "test/flpSandbox.html": 1759407150748,
  "manifest.json": 1759482764102,
  "test/integration/pages/RisksList.js": 1759407150764,
  "test/integration/pages/JourneyRunner.js": 1759407150768,
  "test/integration/opaTests.qunit.js": 1759407150760,
  "test/integration/FirstJourney.js": 1759407150768,
  "test/testsuite.qunit.js": 1759407150756,
  "xs-app.json": 1759850825000,
  "test/integration/pages/RisksObjectPage.js": 1759407150764,
  "Component.js": 1759407150684,
  "test/integration/pages/RisksObjectPage-dbg.js": 1759407150764,
  "test/integration/pages/RisksObjectPage.js.map": 1759850839190,
  "test/integration/pages/JourneyRunner-dbg.js": 1759407150768,
  "test/integration/pages/JourneyRunner.js.map": 1759850839202,
  "test/integration/opaTests.qunit-dbg.js": 1759407150760,
  "test/integration/opaTests.qunit.js.map": 1759850839196,
  "test/integration/FirstJourney-dbg.js": 1759407150768,
  "test/integration/FirstJourney.js.map": 1759850839204,
  "test/testsuite.qunit-dbg.js": 1759407150756,
  "test/testsuite.qunit.js.map": 1759850839195,
  "test/integration/pages/RisksList-dbg.js": 1759407150764,
  "test/integration/pages/RisksList.js.map": 1759850839197,
  "Component-dbg.js": 1759407150684,
  "Component.js.map": 1759850839199,
  "Component-preload.js": 1759850839449,
  "Component-preload.js.map": 1759850839449,
  "test/integration/opaTests.qunit.html": 1759407150760,
  "test/testsuite.qunit.html": 1759407150752,
  "i18n/i18n.properties": 1759407178004,
  "index.html": 1759407150688
}