{
  "test/testsuite.qunit.html": 1759407150752,
  "test/integration/opaTests.qunit.js": 1759407150760,
  "test/integration/pages/RisksList.js": 1759407150764,
  "test/integration/pages/JourneyRunner.js": 1759407150768,
  "test/integration/pages/RisksObjectPage.js": 1759407150764,
  "test/integration/FirstJourney.js": 1759407150768,
  "test/testsuite.qunit.js": 1759407150756,
  "xs-app.json": 1759483457473,
  "manifest.json": 1759482764102,
  "Component.js": 1759407150684,
  "test/integration/FirstJourney-dbg.js": 1759407150768,
  "test/integration/FirstJourney.js.map": 1759483465521,
  "test/integration/pages/RisksList-dbg.js": 1759407150764,
  "test/integration/pages/RisksList.js.map": 1759483465466,
  "test/integration/pages/JourneyRunner-dbg.js": 1759407150768,
  "test/integration/pages/JourneyRunner.js.map": 1759483465530,
  "test/integration/pages/RisksObjectPage-dbg.js": 1759407150764,
  "test/integration/pages/RisksObjectPage.js.map": 1759483465466,
  "test/integration/opaTests.qunit-dbg.js": 1759407150760,
  "test/integration/opaTests.qunit.js.map": 1759483465517,
  "test/testsuite.qunit-dbg.js": 1759407150756,
  "test/testsuite.qunit.js.map": 1759483465520,
  "Component-dbg.js": 1759407150684,
  "Component.js.map": 1759483465518,
  "Component-preload.js": 1759483465596,
  "Component-preload.js.map": 1759483465596,
  "test/integration/opaTests.qunit.html": 1759407150760,
  "i18n/i18n.properties": 1759407178004,
  "test/flpSandbox.html": 1759407150748,
  "index.html": 1759407150688
}